day,symbol,contract,entry_time,exit_time,qty,entry,exit,exit_reason,call_pnl,put_side_pnl,put_side,extra_call_pnl,extra_call,trade_total,call_prices,hedge_fired,hedge_priced
2026-08-03,NIFTY,NIFTY 11 Aug 24600 CE,11:50,15:15,65,161.75,141.5,DAILY_SQUARE_OFF,-1415,0,,0,,-1415,full,False,False
2026-08-11,BANKNIFTY,BANKNIFTY 25 Aug 57300 CE,11:16,13:38,30,728.28,728.28,BREAKEVEN_STOP_HIT,-218,0,,0,,-218,full,False,False
2026-08-11,NIFTY,NIFTY 18 Aug 24450 CE,13:27,15:15,65,177.03,177.6,DAILY_SQUARE_OFF,-78,0,,0,,-78,full,False,False
2026-08-12,BANKNIFTY,BANKNIFTY 25 Aug 57800 CE,10:33,15:15,30,594.4,641.05,DAILY_SQUARE_OFF,1214,427,hedge,0,,1642,full,True,True
2026-08-17,NIFTY,NIFTY 25 Aug 24350 CE,13:42,15:15,65,188.0,172.9,DAILY_SQUARE_OFF,-1099,0,,0,,-1099,full,False,False
2026-08-20,BANKNIFTY,BANKNIFTY 25 Aug 57700 CE,10:16,15:15,30,358.32,254.6,DAILY_SQUARE_OFF,-3204,1516,hedge + 2nd lot,0,,-1688,full,True,True
2026-08-25,NIFTY,NIFTY 01 Sep 24150 CE,11:53,15:15,65,172.5,251.7,DAILY_SQUARE_OFF,5010,0,,0,,5010,full,False,False
2026-09-04,NIFTY,NIFTY 15 Sep 23950 CE,10:29,15:15,65,205.38,184.0,DAILY_SQUARE_OFF,-1516,0,"hedge fired, PUT not in cache (counted 0)",0,,-1516,full,True,False
2026-09-11,BANKNIFTY,BANKNIFTY 29 Sep 56100 CE,11:12,15:15,30,791.7,1098.3,DAILY_SQUARE_OFF,8914,0,,0,,8914,full,False,False
2026-09-11,NIFTY,NIFTY 22 Sep 23300 CE,11:12,13:41,65,214.35,214.35,BREAKEVEN_STOP_HIT,-139,0,,0,,-139,full,False,False
2026-09-18,NIFTY,NIFTY 29 Sep 23350 CE,12:37,15:15,65,176.93,176.45,DAILY_SQUARE_OFF,-146,0,,0,,-146,full,False,False
2026-09-21,BANKNIFTY,BANKNIFTY 29 Sep 56500 CE,11:58,15:15,30,467.02,478.6,DAILY_SQUARE_OFF,205,0,,0,,205,full,False,False
2026-09-23,NIFTY,NIFTY 29 Sep 23450 CE,12:03,15:15,65,122.65,105.1,DAILY_SQUARE_OFF,-1215,0,,0,,-1215,full,False,False
2026-09-29,BANKNIFTY,BANKNIFTY 27 Oct 54200 CE,11:30,12:28,30,1177.35,1177.35,BREAKEVEN_STOP_HIT,-353,0,,0,,-353,full,False,False
2026-09-29,NIFTY,NIFTY 06 Oct 22700 CE,11:30,15:15,65,229.33,204.55,DAILY_SQUARE_OFF,-1751,0,"hedge fired, PUT not in cache (counted 0)",0,,-1751,full,True,False
