date,trades,won,a,b,pnl,cum,"Super Bollinger as live (2 slots, hedge)","SwingMomentum (intraday, 5 slots)","Swing as live, intraday (no momentum gate)"
2026-08-03,2,1,637.3749999999977,0,637.3749999999977,637.3749999999977,785.7599999999984,0.0,0.0
2026-08-04,1,0,-406.09,0,-406.09,231.28499999999775,86.46999999999991,0.0,0.0
2026-08-05,4,1,-4217.159999999999,0,-4217.159999999999,-3985.8750000000014,-4217.159999999999,0.0,0.0
2026-08-06,2,1,7676.662500000002,0,7676.662500000002,3690.787500000001,6758.5687499999985,0.0,0.0
2026-08-07,6,0,-5130.184999999994,0,-5130.184999999994,-1439.3974999999932,-6168.132499999994,0.0,0.0
2026-08-10,2,0,-490.81,0,-490.81,-1930.2074999999932,-2409.8799999999997,0.0,0.0
2026-08-11,2,1,5107.503750000002,0,5107.503750000002,3177.2962500000085,9098.895,0.0,0.0
2026-08-12,3,0,-2628.9674999999934,0,-2628.9674999999934,548.3287500000151,-1971.0299999999977,0.0,4562.944875000018
2026-08-13,3,1,-2744.4924999999985,0,-2744.4924999999985,-2196.1637499999833,-1961.7924999999987,2449.656250000003,539.0925000000173
2026-08-14,1,1,1482.81,0,1482.81,-713.3537499999834,-4847.7249999999985,-184.61649999999622,-5040.211749999986
2026-08-17,3,0,-1674.8812499999983,-971.7375000000004,-2646.6187499999987,-3359.972499999982,-1674.8812499999983,-2641.9625000000005,-12487.64999999997
2026-08-18,4,2,33074.59625,699.9687500000027,33774.56500000001,30414.592500000028,15789.452500000007,479.9362500000002,6125.851250000008
2026-08-19,5,2,-2371.584999999997,5152.905625000005,2781.3206250000085,33195.913125000036,-2424.7599999999984,2848.3806250000052,7415.914750000009
2026-08-20,5,0,-5503.026249999999,0,-5503.026249999999,27692.886875000037,-8716.57,6704.125000000008,-4766.211249999982
2026-08-21,1,0,0,-928.2499999999949,-928.2499999999949,26764.63687500004,410.02,-1463.0374999999894,7225.446250000023
2026-08-24,2,1,-5525.9225,979.912500000001,-4546.009999999998,22218.62687500004,-5469.147499999999,-5535.558624999994,-3202.6048749999673
2026-08-25,2,2,49493.6,0,49493.6,71712.22687500004,23111.76,-6285.583749999983,1554.8287500000247
2026-08-26,6,2,4554.547500000001,0,4554.547500000001,76266.77437500004,3045.4712499999996,-3566.187499999992,1344.5036250000203
2026-08-27,2,1,1725.2812500000036,0,1725.2812500000036,77992.05562500004,-3014.550000000002,-4669.256249999994,-3293.7807499999826
2026-08-28,3,2,593.2074999999998,2254.0375000000063,2847.2450000000063,80839.30062500005,1004.9174999999998,2254.0375000000063,9703.112500000025
2026-08-31,3,0,-4523.73499999999,0,-4523.73499999999,76315.56562500006,-241.86499999999205,-1534.4687499999984,-16195.77187499998
2026-09-01,1,1,0,2846.700000000001,2846.700000000001,79162.26562500006,-10878.120000000003,5620.700000000008,-8415.98049999997
2026-09-02,5,3,10067.763750000004,-5733.84374999998,4333.920000000024,83496.18562500009,8640.263750000002,-1813.0917499999814,-11197.222999999974
2026-09-03,2,0,-2840.3650000000002,-865.1999999999987,-3705.5649999999987,79790.62062500008,-4105.365,-690.2624999999965,-851.9962499999742
2026-09-04,4,1,9967.43875,0,9967.43875,89758.05937500008,3543.2050000000036,-1693.505874999999,-9823.431374999971
2026-09-07,4,2,20257.17,-654.9062499999981,19602.263750000002,109360.32312500008,20257.170000000002,-654.9062499999981,14572.659500000012
2026-09-08,4,2,22934.025,-2908.556249999998,20025.468750000004,129385.79187500008,21345.987500000003,-5760.731249999992,-3634.8948749999863
2026-09-09,2,0,-994.59,-3435.4999999999964,-4430.0899999999965,124955.70187500009,-1278.0900000000001,7314.237500000012,-9625.396249999965
2026-09-10,4,2,-4556.502499999996,574.9000000000012,-3981.6024999999945,120974.09937500009,-4242.9799999999905,1009.425000000002,-10850.459999999974
2026-09-11,6,1,577.0699999999999,-5691.312499999989,-5114.242499999989,115859.8568750001,-329.5200000000001,2074.545625000035,-5332.853874999956
2026-09-15,5,4,-3616.6500000000005,9462.031250000005,5845.381250000005,121705.2381250001,-3616.6500000000005,9462.031250000005,11683.987500000017
2026-09-16,3,3,19765.612500000003,3229.0312500000036,22994.643750000007,144699.8818750001,14823.431250000001,-1632.71874999999,-3348.756499999969
2026-09-17,2,2,19388.650000000005,0,19388.650000000005,164088.5318750001,9785.350000000002,7660.951749999997,-7702.7062499999865
2026-09-18,3,0,-2104.7787499999995,0,-2104.7787499999995,161983.7531250001,-2104.7787499999995,-342.3239999999855,-28046.107499999966
2026-09-21,4,3,7994.96,-591.9624999999955,7402.997500000005,169386.7506250001,7629.870000000001,-3576.2249999999876,-6947.087249999987
2026-09-22,1,0,-1893.6762499999998,0,-1893.6762499999998,167493.0743750001,2294.612500000001,-7553.574999999995,-26287.068749999973
2026-09-23,2,1,-7777.8474999999935,2490.6994999999997,-5287.147999999994,162205.92637500013,-2947.964999999994,6099.305750000001,5863.22750000001
2026-09-24,3,2,-362.5,8097.789175,7735.289175,169941.21555000014,-486.87,2794.9266750000024,-864.0619999999858
2026-09-25,2,1,4104.0,0,4104.0,174045.21555000014,6238.69,2813.6062500000044,-256.42599999998265
2026-09-28,1,0,0,-749.6187499999944,-749.6187499999944,173295.59680000014,-2406.8424999999984,-482.9499999999848,2026.72250000004
2026-09-29,4,2,8692.41,-359.03274999999394,8333.377250000005,181628.97405000014,8692.41,-5325.188999999993,-4602.014249999978
