day,trades,winning_trades,calls,put_side,extra_call,day_total,running_total
2026-08-03,3,2,10,776,311,1096,1096
2026-08-04,4,1,-5503,507,0,-4996,-3900
2026-08-05,6,1,-6120,-2578,-650,-9348,-13248
2026-08-06,3,1,262,3407,0,3669,-9580
2026-08-07,9,0,-8228,1937,0,-6291,-15871
2026-08-10,7,1,-3184,0,0,-3184,-19055
2026-08-11,3,1,10530,-1658,-3991,4881,-14174
2026-08-12,3,0,-2446,-183,0,-2629,-16803
2026-08-13,6,1,224,-6642,-531,-6950,-23753
2026-08-14,3,1,-5574,-130,0,-5704,-29457
2026-08-17,2,0,-2008,333,0,-1675,-31132
2026-08-18,4,2,19349,-2007,17285,34628,3496
2026-08-19,2,0,-2433,61,0,-2372,1124
2026-08-20,6,0,-8558,-634,-684,-9876,-8752
2026-08-21,2,1,410,0,0,410,-8341
2026-08-24,1,0,-5149,-377,0,-5526,-13867
2026-08-25,6,4,59626,-2345,10601,67882,54015
2026-08-26,9,3,2447,4613,0,7060,61075
2026-08-27,5,2,-2861,-5,2863,-3,61072
2026-08-28,3,2,493,512,0,1005,62077
2026-08-31,5,1,-1637,425,0,-1212,60865
2026-09-01,2,0,-12597,2031,0,-10566,50299
2026-09-02,4,3,13619,-1649,1428,13398,63697
2026-09-03,2,0,-2198,-1907,0,-4105,59592
2026-09-04,5,1,4206,-912,0,3294,62886
2026-09-07,4,2,15270,728,0,15998,78885
2026-09-08,6,4,21191,-650,1284,21825,100709
2026-09-09,2,0,-1278,0,0,-1278,99431
2026-09-10,2,1,-5177,934,-2770,-7013,92419
2026-09-11,7,1,-8330,1109,0,-7221,85198
2026-09-15,1,0,-5029,1412,0,-3617,81581
2026-09-16,4,3,13377,1988,4942,20307,101888
2026-09-17,4,2,5683,-2661,10076,13097,114985
2026-09-18,6,2,8468,968,0,9436,124421
2026-09-21,5,2,7487,0,0,7487,131908
2026-09-22,4,1,-5020,723,0,-4296,127612
2026-09-23,4,1,-1028,-3931,10591,5632,133244
2026-09-24,2,0,-487,0,0,-487,132757
2026-09-25,3,2,6239,0,0,6239,138995
2026-09-28,2,1,-7794,8172,0,379,139374
2026-09-29,2,1,8692,0,0,8692,148067
