day,symbol,contract,entry_time,exit_time,qty,entry,exit,exit_reason,call_pnl,put_side_pnl,put_side,extra_call_pnl,extra_call,trade_total
2026-08-03,EICHERMOT,EICHERMOT 25 Aug 8000 CE,10:16,12:06,100,186.75,186.75,BREAKEVEN_STOP_HIT,-187,776,hedge,311,re-added,900
2026-08-03,DIVISLAB,DIVISLAB 25 Aug 8400 CE,11:11,11:54,100,262.75,262.75,BREAKEVEN_STOP_HIT,-263,0,,0,,-263
2026-08-03,TVSMOTOR,TVSMOTOR 25 Aug 4350 CE,13:17,15:15,175,105.8,109.5,DAILY_SQUARE_OFF,459,0,,0,,459
2026-08-04,AUROPHARMA,AUROPHARMA 25 Aug 1560 CE,11:20,11:48,550,56.95,48.05,MAX_LOSS_HIT,-5184,507,hedge,0,,-4677
2026-08-04,LUPIN,LUPIN 25 Aug 2400 CE,09:51,12:28,425,64.75,64.0,BREAKEVEN_STOP_HIT,-592,0,,0,,-592
2026-08-04,APOLLOHOSP,APOLLOHOSP 25 Aug 8900 CE,10:20,15:15,125,193.25,200.65,DAILY_SQUARE_OFF,679,0,,0,,679
2026-08-04,SONACOMS,SONACOMS 25 Aug 780 CE,12:18,14:41,1225,23.2,23.1,BREAKEVEN_STOP_HIT,-406,0,,0,,-406
2026-08-05,PNBHOUSING,PNBHOUSING 25 Aug 1140 CE,09:57,10:22,650,41.15,41.15,BREAKEVEN_STOP_HIT,-267,0,,0,,-267
2026-08-05,SONACOMS,SONACOMS 25 Aug 810 CE,12:23,12:34,1225,27.3,27.05,BREAKEVEN_STOP_HIT,-639,0,,0,,-639
2026-08-05,TITAN,TITAN 25 Aug 4900 CE,10:11,15:15,175,114.3,119.0,DAILY_SQUARE_OFF,618,0,,0,,618
2026-08-05,TVSMOTOR,TVSMOTOR 25 Aug 4450 CE,10:11,15:15,175,105.5,100.35,DAILY_SQUARE_OFF,-1081,-2578,hedge + 2nd lot,-650,re-added,-4309
2026-08-05,MANAPPURAM,MANAPPURAM 25 Aug 365 CE,12:25,15:15,3000,14.35,14.25,DAILY_SQUARE_OFF,-900,0,hedge,0,,-900
2026-08-05,LAURUSLABS,LAURUSLABS 25 Aug 1840 CE,13:04,15:15,850,50.05,46.0,DAILY_SQUARE_OFF,-3851,0,hedge,0,,-3851
2026-08-06,CHOLAFIN,CHOLAFIN 25 Aug 1900 CE,10:25,15:15,625,60.85,77.1,DAILY_SQUARE_OFF,9725,0,,0,,9725
2026-08-06,APOLLOHOSP,APOLLOHOSP 25 Aug 9000 CE,10:29,13:00,125,226.05,190.05,MAX_LOSS_HIT,-4760,2712,"hedge + 2nd lot, one sold at target",0,,-2048
2026-08-06,DIVISLAB,DIVISLAB 25 Aug 8400 CE,10:57,12:42,100,225.7,180.7,MAX_LOSS_HIT,-4703,695,hedge,0,,-4008
2026-08-07,LAURUSLABS,LAURUSLABS 25 Aug 1840 CE,10:38,11:48,850,48.3,42.9,MAX_LOSS_HIT,-4978,1937,"hedge + 2nd lot, one sold at target",0,,-3041
2026-08-07,AUROPHARMA,AUROPHARMA 25 Aug 1640 CE,11:14,11:31,550,40.15,40.15,BREAKEVEN_STOP_HIT,-221,0,,0,,-221
2026-08-07,AUROPHARMA,AUROPHARMA 25 Aug 1640 CE,12:23,12:55,550,44.95,44.95,BREAKEVEN_STOP_HIT,-247,0,,0,,-247
2026-08-07,PNBHOUSING,PNBHOUSING 25 Aug 1140 CE,12:56,13:20,650,33.0,33.0,BREAKEVEN_STOP_HIT,-214,0,,0,,-214
2026-08-07,TITAN,TITAN 25 Aug 5000 CE,13:27,13:31,175,116.75,116.75,BREAKEVEN_STOP_HIT,-204,0,,0,,-204
2026-08-07,MANAPPURAM,MANAPPURAM 25 Aug 365 CE,11:28,14:55,3000,14.17,14.15,BREAKEVEN_STOP_HIT,-675,0,,0,,-675
2026-08-07,AUROPHARMA,AUROPHARMA 25 Aug 1660 CE,13:37,13:52,550,40.65,40.65,BREAKEVEN_STOP_HIT,-224,0,,0,,-224
2026-08-07,LAURUSLABS,LAURUSLABS 25 Aug 1860 CE,13:38,15:15,850,39.7,38.7,DAILY_SQUARE_OFF,-1183,0,,0,,-1183
2026-08-07,SONACOMS,SONACOMS 25 Aug 810 CE,13:41,13:50,1225,23.0,23.0,BREAKEVEN_STOP_HIT,-282,0,,0,,-282
2026-08-10,TITAN,TITAN 25 Aug 5050 CE,10:09,10:18,175,99.45,99.45,BREAKEVEN_STOP_HIT,-174,0,,0,,-174
2026-08-10,JSWSTEEL,JSWSTEEL 25 Aug 1300 CE,09:54,10:57,675,29.2,28.0,BREAKEVEN_STOP_HIT,-1003,0,,0,,-1003
2026-08-10,ABB,ABB 25 Aug 7600 CE,12:39,12:52,125,217.45,217.45,BREAKEVEN_STOP_HIT,-272,0,,0,,-272
2026-08-10,RADICO,RADICO 25 Aug 4500 CE,10:33,13:07,150,146.0,146.0,BREAKEVEN_STOP_HIT,-219,0,,0,,-219
2026-08-10,EICHERMOT,EICHERMOT 25 Aug 8000 CE,13:03,15:15,100,151.5,142.65,DAILY_SQUARE_OFF,-1032,0,,0,,-1032
2026-08-10,ABB,ABB 25 Aug 7700 CE,13:21,15:15,125,180.85,185.0,DAILY_SQUARE_OFF,290,0,,0,,290
2026-08-10,TVSMOTOR,TVSMOTOR 25 Aug 4450 CE,13:38,15:15,175,98.9,95.45,DAILY_SQUARE_OFF,-774,0,,0,,-774
2026-08-11,AUBANK,AUBANK 25 Aug 1060 CE,12:13,13:11,1000,22.65,22.65,BREAKEVEN_STOP_HIT,-226,0,,0,,-226
2026-08-11,DIVISLAB,DIVISLAB 25 Aug 8300 CE,09:36,15:15,100,182.4,339.0,DAILY_SQUARE_OFF,15399,0,,0,,15399
2026-08-11,TITAN,TITAN 25 Aug 5150 CE,09:40,14:31,175,94.5,68.79,MAX_LOSS_HIT,-4643,-1658,hedge,-3991,re-added,-10292
2026-08-12,ABB,ABB 25 Aug 7700 CE,10:15,10:48,125,177.55,177.55,BREAKEVEN_STOP_HIT,-222,0,,0,,-222
2026-08-12,AUROPHARMA,AUROPHARMA 25 Aug 1660 CE,11:11,15:15,550,37.95,34.7,DAILY_SQUARE_OFF,-1987,-183,hedge + 2nd lot,0,,-2170
2026-08-12,ABB,ABB 25 Aug 7700 CE,13:03,14:44,125,189.6,189.6,BREAKEVEN_STOP_HIT,-237,0,,0,,-237
2026-08-13,AUBANK,AUBANK 25 Aug 1100 CE,10:09,10:14,1000,15.95,15.8,BREAKEVEN_STOP_HIT,-350,0,,0,,-350
2026-08-13,RADICO,RADICO 25 Aug 4600 CE,10:20,11:02,150,114.5,114.5,BREAKEVEN_STOP_HIT,-172,0,,0,,-172
2026-08-13,JSWSTEEL,JSWSTEEL 25 Aug 1280 CE,11:40,15:15,675,19.4,19.75,DAILY_SQUARE_OFF,101,0,,0,,101
2026-08-13,RADICO,RADICO 25 Aug 4650 CE,12:03,15:15,150,97.55,100.35,DAILY_SQUARE_OFF,272,-2767,hedge + 2nd lot,0,,-2496
2026-08-13,TITAN,TITAN 25 Aug 5050 CE,12:18,14:31,175,69.5,69.5,BREAKEVEN_STOP_HIT,-122,0,,0,,-122
2026-08-13,LAURUSLABS,LAURUSLABS 25 Aug 1840 CE,12:42,15:15,850,36.4,37.35,DAILY_SQUARE_OFF,494,-3875,hedge + 2nd lot,-531,re-added,-3912
2026-08-14,SIEMENS,SIEMENS 25 Aug 4050 CE,10:02,10:30,175,86.2,60.49,MAX_LOSS_HIT,-4628,918,hedge,0,,-3710
2026-08-14,TVSMOTOR,TVSMOTOR 25 Aug 4350 CE,11:28,15:15,175,69.2,55.95,DAILY_SQUARE_OFF,-2428,-1048,hedge + 2nd lot,0,,-3477
2026-08-14,JSWSTEEL,JSWSTEEL 25 Aug 1260 CE,12:39,15:15,675,24.1,26.55,DAILY_SQUARE_OFF,1483,0,,0,,1483
2026-08-17,TVSMOTOR,TVSMOTOR 25 Aug 4400 CE,10:16,15:15,175,63.05,52.15,DAILY_SQUARE_OFF,-2008,333,hedge,0,,-1675
2026-08-17,360ONE,360ONE 25 Aug 1180 CE,13:20,15:15,500,19.35,19.55,DAILY_SQUARE_OFF,0,0,,0,,0
2026-08-18,BOSCHLTD,BOSCHLTD 25 Aug 47500 CE,09:57,15:15,25,661.75,1521.05,DAILY_SQUARE_OFF,21210,-1659,hedge,20450,re-added,40000
2026-08-18,HAL,HAL 25 Aug 5100 CE,10:27,15:15,150,91.45,69.5,DAILY_SQUARE_OFF,-3413,-348,hedge,-3164,re-added,-6925
2026-08-18,SONACOMS,SONACOMS 25 Aug 820 CE,12:08,14:27,1225,14.65,13.8,BREAKEVEN_STOP_HIT,-1286,0,,0,,-1286
2026-08-18,RADICO,RADICO 25 Aug 4700 CE,13:22,15:15,150,62.35,82.0,DAILY_SQUARE_OFF,2839,0,,0,,2839
2026-08-19,AUBANK,AUBANK 25 Aug 1080 CE,11:32,15:05,1000,10.75,10.75,BREAKEVEN_STOP_HIT,-200,0,,0,,-200
2026-08-19,HAL,HAL 25 Aug 5050 CE,11:46,15:15,150,60.65,46.3,DAILY_SQUARE_OFF,-2233,61,hedge + 2nd lot,0,,-2172
2026-08-20,PAYTM,PAYTM 25 Aug 1600 CE,09:39,09:52,725,23.25,22.9,BREAKEVEN_STOP_HIT,-421,0,,0,,-421
2026-08-20,PAYTM,PAYTM 25 Aug 1620 CE,10:23,10:33,725,19.3,18.15,BREAKEVEN_STOP_HIT,-979,0,,0,,-979
2026-08-20,SONACOMS,SONACOMS 25 Aug 840 CE,10:32,11:27,1225,10.95,10.15,BREAKEVEN_STOP_HIT,-1225,0,,0,,-1225
2026-08-20,ABB,ABB 25 Aug 7500 CE,11:17,15:15,125,70.15,69.55,DAILY_SQUARE_OFF,-162,-1556,hedge,-684,re-added,-2402
2026-08-20,CHOLAFIN,CHOLAFIN 25 Aug 1900 CE,11:32,12:57,625,24.55,16.3,MAX_LOSS_HIT,-5295,922,hedge,0,,-4373
2026-08-20,DIVISLAB,DIVISLAB 25 Aug 8600 CE,12:04,15:15,100,72.8,68.75,DAILY_SQUARE_OFF,-476,0,,0,,-476
2026-08-21,AUBANK,AUBANK 29 Sep 1100 CE,10:41,10:58,1000,33.6,33.6,BREAKEVEN_STOP_HIT,-336,0,,0,,-336
2026-08-21,PAYTM,PAYTM 29 Sep 1620 CE,12:35,15:15,725,76.2,78.0,DAILY_SQUARE_OFF,746,0,,0,,746
2026-08-24,RADICO,RADICO 29 Sep 4600 CE,13:17,14:58,150,173.75,141.0,MAX_LOSS_HIT,-5149,-377,hedge + 2nd lot,0,,-5526
2026-08-25,NYKAA,NYKAA 29 Sep 335 CE,11:47,13:01,3125,9.8,9.5,BREAKEVEN_STOP_HIT,-1562,0,,0,,-1562
2026-08-25,LAURUSLABS,LAURUSLABS 29 Sep 1820 CE,11:00,15:15,850,50.95,78.9,DAILY_SQUARE_OFF,23206,0,,0,,23206
2026-08-25,PAYTM,PAYTM 29 Sep 1640 CE,11:55,15:15,725,70.5,107.65,DAILY_SQUARE_OFF,26288,0,,0,,26288
2026-08-25,OFSS,OFSS 29 Sep 11500 CE,11:56,15:15,100,427.95,539.65,DAILY_SQUARE_OFF,10686,-2345,hedge,10601,re-added,18942
2026-08-25,SONACOMS,SONACOMS 29 Sep 810 CE,13:47,15:15,1225,26.87,28.35,DAILY_SQUARE_OFF,1469,0,,0,,1469
2026-08-25,MCX,MCX 29 Sep 3250 CE,13:54,15:15,225,144.6,144.0,DAILY_SQUARE_OFF,-460,0,,0,,-460
2026-08-26,LAURUSLABS,LAURUSLABS 29 Sep 1880 CE,10:14,10:35,850,54.95,54.75,BREAKEVEN_STOP_HIT,-636,0,,0,,-636
2026-08-26,OBEROIRLTY,OBEROIRLTY 29 Sep 1900 CE,10:37,10:50,350,63.85,63.4,BREAKEVEN_STOP_HIT,-380,0,,0,,-380
2026-08-26,BAJAJ-AUTO,BAJAJ-AUTO 29 Sep 11900 CE,10:14,11:51,75,311.95,251.05,MAX_LOSS_HIT,-4779,4613,"hedge + 2nd lot, one sold at target",0,,-166
2026-08-26,LAURUSLABS,LAURUSLABS 29 Sep 1900 CE,11:22,12:31,850,44.55,44.55,BREAKEVEN_STOP_HIT,-379,0,,0,,-379
2026-08-26,PAYTM,PAYTM 29 Sep 1720 CE,12:19,13:02,725,68.0,67.75,BREAKEVEN_STOP_HIT,-673,0,,0,,-673
2026-08-26,DIVISLAB,DIVISLAB 29 Sep 9000 CE,13:16,15:15,100,235.3,242.6,DAILY_SQUARE_OFF,491,0,,0,,491
2026-08-26,JSWSTEEL,JSWSTEEL 29 Sep 1320 CE,13:29,15:15,675,38.5,47.7,DAILY_SQUARE_OFF,5919,0,,0,,5919
2026-08-26,MCX,MCX 29 Sep 3300 CE,13:38,15:15,225,132.15,150.2,DAILY_SQUARE_OFF,3744,0,,0,,3744
2026-08-26,NYKAA,NYKAA 29 Sep 340 CE,13:52,15:00,3125,9.53,9.45,BREAKEVEN_STOP_HIT,-859,0,,0,,-859
2026-08-27,SONACOMS,SONACOMS 29 Sep 810 CE,10:22,15:15,1225,27.45,30.15,DAILY_SQUARE_OFF,2955,-1745,hedge,4740,re-added,5950
2026-08-27,DIVISLAB,DIVISLAB 29 Sep 9100 CE,11:15,15:15,100,239.25,217.05,DAILY_SQUARE_OFF,-2448,-1776,hedge,-1951,re-added,-6175
2026-08-27,LAURUSLABS,LAURUSLABS 29 Sep 1900 CE,11:15,14:59,850,46.85,46.55,BREAKEVEN_STOP_HIT,-652,268,hedge,74,re-added,-310
2026-08-27,PAYTM,PAYTM 29 Sep 1720 CE,11:57,13:54,725,61.05,54.3,MAX_LOSS_HIT,-5312,3248,"hedge + 2nd lot, one sold at target",0,,-2064
2026-08-27,BOSCHLTD,BOSCHLTD 29 Sep 48500 CE,12:16,15:15,25,1372.0,1490.15,DAILY_SQUARE_OFF,2596,0,,0,,2596
2026-08-28,OFSS,OFSS 29 Sep 12200 CE,10:00,10:03,100,521.95,521.95,BREAKEVEN_STOP_HIT,-522,0,,0,,-522
2026-08-28,MCX,MCX 29 Sep 3300 CE,12:56,15:15,225,144.65,148.8,DAILY_SQUARE_OFF,604,512,hedge,0,,1115
2026-08-28,RADICO,RADICO 29 Sep 4600 CE,13:39,15:15,150,118.55,122.5,DAILY_SQUARE_OFF,412,0,,0,,412
2026-08-31,NYKAA,NYKAA 29 Sep 340 CE,09:46,10:24,3125,8.85,8.85,BREAKEVEN_STOP_HIT,-625,0,,0,,-625
2026-08-31,OFSS,OFSS 29 Sep 12300 CE,11:26,11:40,100,435.5,435.5,BREAKEVEN_STOP_HIT,-436,114,hedge,0,,-322
2026-08-31,DIVISLAB,DIVISLAB 29 Sep 9200 CE,09:50,15:15,100,250.5,212.0,DAILY_SQUARE_OFF,-4081,311,hedge + 2nd lot,0,,-3770
2026-08-31,PAYTM,PAYTM 29 Sep 1660 CE,11:51,15:15,725,63.9,70.0,DAILY_SQUARE_OFF,3937,0,,0,,3937
2026-08-31,GLENMARK,GLENMARK 29 Sep 2480 CE,13:21,13:45,375,80.35,80.0,BREAKEVEN_STOP_HIT,-432,0,,0,,-432
2026-09-01,SAIL,SAIL 29 Sep 200 CE,11:32,11:46,4700,6.42,5.12,MAX_LOSS_HIT,-7050,0,hedge,0,,-7050
2026-09-01,NYKAA,NYKAA 29 Sep 340 CE,11:55,13:51,3125,9.87,8.3,MAX_LOSS_HIT,-5547,2031,"hedge + 2nd lot, one sold at target",0,,-3516
2026-09-02,TORNTPHARM,TORNTPHARM 29 Sep 4950 CE,10:17,15:15,125,134.3,144.4,DAILY_SQUARE_OFF,1088,-1649,hedge,1428,re-added,867
2026-09-02,LAURUSLABS,LAURUSLABS 29 Sep 1840 CE,12:25,15:15,850,46.9,58.25,DAILY_SQUARE_OFF,9201,0,,0,,9201
2026-09-02,APLAPOLLO,APLAPOLLO 29 Sep 2200 CE,12:37,14:58,350,64.45,64.0,BREAKEVEN_STOP_HIT,-382,0,,0,,-382
2026-09-02,GLENMARK,GLENMARK 29 Sep 2440 CE,12:53,15:15,375,69.75,80.4,DAILY_SQUARE_OFF,3712,0,,0,,3712
2026-09-03,PAYTM,PAYTM 29 Sep 1640 CE,12:54,15:15,725,54.05,53.3,DAILY_SQUARE_OFF,-933,-1907,hedge,0,,-2840
2026-09-03,CHOLAFIN,CHOLAFIN 29 Sep 1840 CE,13:33,14:30,625,53.15,51.65,BREAKEVEN_STOP_HIT,-1265,0,,0,,-1265
2026-09-04,APLAPOLLO,APLAPOLLO 29 Sep 2180 CE,10:39,10:57,350,58.6,56.3,BREAKEVEN_STOP_HIT,-1006,0,,0,,-1006
2026-09-04,PAYTM,PAYTM 29 Sep 1700 CE,11:09,11:46,725,53.2,53.2,BREAKEVEN_STOP_HIT,-386,0,,0,,-386
2026-09-04,MCX,MCX 29 Sep 3250 CE,10:16,14:14,225,121.8,100.85,MAX_LOSS_HIT,-4964,-1709,hedge,0,,-6673
2026-09-04,BOSCHLTD,BOSCHLTD 29 Sep 47000 CE,11:18,15:15,25,1172.5,1142.25,DAILY_SQUARE_OFF,-1046,797,hedge + 2nd lot,0,,-249
2026-09-04,APLAPOLLO,APLAPOLLO 29 Sep 2200 CE,12:52,15:15,350,56.5,90.4,DAILY_SQUARE_OFF,11608,0,,0,,11608
2026-09-07,GLENMARK,GLENMARK 29 Sep 2460 CE,10:38,11:50,375,65.1,65.0,BREAKEVEN_STOP_HIT,-281,0,,0,,-281
2026-09-07,LAURUSLABS,LAURUSLABS 29 Sep 1860 CE,11:25,12:51,850,49.4,44.0,MAX_LOSS_HIT,-4987,728,hedge,0,,-4259
2026-09-07,BOSCHLTD,BOSCHLTD 29 Sep 47500 CE,10:38,15:15,25,955.25,1640.9,DAILY_SQUARE_OFF,16817,0,,0,,16817
2026-09-07,APOLLOHOSP,APOLLOHOSP 29 Sep 8700 CE,13:15,15:15,125,196.55,228.45,DAILY_SQUARE_OFF,3722,0,,0,,3722
2026-09-08,GLENMARK,GLENMARK 29 Sep 2500 CE,11:55,12:35,375,60.75,48.75,MAX_LOSS_HIT,-4705,-2049,hedge + 2nd lot,0,,-6754
2026-09-08,LAURUSLABS,LAURUSLABS 29 Sep 1900 CE,10:38,15:15,850,43.4,71.65,DAILY_SQUARE_OFF,23524,0,,0,,23524
2026-09-08,JSWSTEEL,JSWSTEEL 29 Sep 1320 CE,10:45,15:15,675,24.1,18.9,DAILY_SQUARE_OFF,-3659,3069,"hedge + 2nd lot, one sold at target",0,,-590
2026-09-08,DIVISLAB,DIVISLAB 29 Sep 9500 CE,11:38,15:15,100,223.6,243.8,DAILY_SQUARE_OFF,1786,-1670,hedge,1284,re-added,1400
2026-09-08,PAYTM,PAYTM 29 Sep 1660 CE,11:55,15:15,725,50.85,55.2,DAILY_SQUARE_OFF,2769,0,,0,,2769
2026-09-08,MCX,MCX 29 Sep 3350 CE,13:01,15:15,225,100.25,107.85,DAILY_SQUARE_OFF,1476,0,,0,,1476
2026-09-09,KALYANKJIL,KALYANKJIL 29 Sep 610 CE,13:22,13:34,1350,21.0,21.0,BREAKEVEN_STOP_HIT,-284,0,,0,,-284
2026-09-09,GLENMARK,GLENMARK 29 Sep 2440 CE,13:25,15:09,375,61.25,59.2,BREAKEVEN_STOP_HIT,-995,0,,0,,-995
2026-09-10,KALYANKJIL,KALYANKJIL 29 Sep 615 CE,10:16,14:26,1350,21.37,21.37,BREAKEVEN_STOP_HIT,-289,455,hedge,621,re-added,787
2026-09-10,LAURUSLABS,LAURUSLABS 29 Sep 1940 CE,10:41,15:12,850,48.35,43.06,MAX_LOSS_HIT,-4888,479,hedge,-3390,re-added,-7800
2026-09-11,PAYTM,PAYTM 29 Sep 1800 CE,11:17,12:26,725,58.85,58.85,BREAKEVEN_STOP_HIT,-427,0,,0,,-427
2026-09-11,BOSCHLTD,BOSCHLTD 29 Sep 49000 CE,10:49,13:42,25,868.2,867.9,BREAKEVEN_STOP_HIT,-225,0,,0,,-225
2026-09-11,GLENMARK,GLENMARK 29 Sep 2420 CE,11:53,15:15,375,61.95,52.3,DAILY_SQUARE_OFF,-3833,-364,hedge + 2nd lot,0,,-4197
2026-09-11,APOLLOHOSP,APOLLOHOSP 29 Sep 8900 CE,12:11,15:15,125,156.0,126.05,DAILY_SQUARE_OFF,-3920,1473,hedge + 2nd lot,0,,-2447
2026-09-11,PHOENIXLTD,PHOENIXLTD 29 Sep 1900 CE,13:12,15:15,350,32.15,36.0,DAILY_SQUARE_OFF,1228,0,,0,,1228
2026-09-11,APLAPOLLO,APLAPOLLO 29 Sep 2160 CE,13:50,15:15,350,55.05,53.0,DAILY_SQUARE_OFF,-907,0,,0,,-907
2026-09-11,GRASIM,GRASIM 29 Sep 3280 CE,13:55,15:15,250,49.35,48.85,DAILY_SQUARE_OFF,-248,0,,0,,-248
2026-09-15,KALYANKJIL,KALYANKJIL 29 Sep 615 CE,10:27,11:55,1350,19.33,15.8,MAX_LOSS_HIT,-5029,1412,hedge,0,,-3617
2026-09-16,GLENMARK,GLENMARK 29 Sep 2380 CE,11:40,15:15,375,53.0,68.75,DAILY_SQUARE_OFF,5678,0,,0,,5678
2026-09-16,MCX,MCX 29 Sep 3150 CE,11:43,15:15,225,82.95,120.0,DAILY_SQUARE_OFF,8108,1038,hedge,4942,re-added,14088
2026-09-16,LICHSGFIN,LICHSGFIN 29 Sep 550 CE,13:09,15:15,1000,12.07,10.25,DAILY_SQUARE_OFF,-2025,950,hedge,0,,-1075
2026-09-16,APLAPOLLO,APLAPOLLO 29 Sep 2120 CE,13:53,15:15,350,40.65,45.7,DAILY_SQUARE_OFF,1616,0,,0,,1616
2026-09-17,KALYANKJIL,KALYANKJIL 29 Sep 590 CE,10:15,13:07,1350,16.63,16.55,BREAKEVEN_STOP_HIT,-371,-2093,hedge,473,re-added,-1991
2026-09-17,MCX,MCX 29 Sep 3200 CE,09:22,15:15,225,101.1,115.6,DAILY_SQUARE_OFF,3019,0,,0,,3019
2026-09-17,LAURUSLABS,LAURUSLABS 29 Sep 1940 CE,09:53,15:15,850,35.6,46.05,DAILY_SQUARE_OFF,8535,-1769,hedge,9603,re-added,16370
2026-09-17,LICHSGFIN,LICHSGFIN 29 Sep 550 CE,13:10,14:17,1000,14.4,9.1,MAX_LOSS_HIT,-5500,1200,hedge + 2nd lot,0,,-4300
2026-09-18,LAURUSLABS,LAURUSLABS 29 Sep 1980 CE,10:16,10:35,850,33.5,33.5,BREAKEVEN_STOP_HIT,-285,0,,0,,-285
2026-09-18,RBLBANK,RBLBANK 29 Sep 410 CE,10:25,11:21,3175,6.13,6.13,BREAKEVEN_STOP_HIT,-635,0,,0,,-635
2026-09-18,APOLLOHOSP,APOLLOHOSP 29 Sep 8900 CE,09:45,15:15,125,85.75,66.7,DAILY_SQUARE_OFF,-2477,968,hedge,0,,-1508
2026-09-18,GLENMARK,GLENMARK 29 Sep 2420 CE,12:51,15:01,375,38.3,37.85,BREAKEVEN_STOP_HIT,-312,0,,0,,-312
2026-09-18,PNBHOUSING,PNBHOUSING 29 Sep 1120 CE,13:36,15:15,650,22.3,34.1,DAILY_SQUARE_OFF,7487,0,,0,,7487
2026-09-18,PAYTM,PAYTM 29 Sep 1800 CE,13:42,15:15,725,39.8,46.7,DAILY_SQUARE_OFF,4689,0,,0,,4689
2026-09-21,LAURUSLABS,LAURUSLABS 29 Sep 2000 CE,10:34,10:51,850,26.9,26.9,BREAKEVEN_STOP_HIT,-229,0,,0,,-229
2026-09-21,APOLLOHOSP,APOLLOHOSP 29 Sep 8900 CE,10:46,12:08,125,99.2,99.1,BREAKEVEN_STOP_HIT,-136,0,,0,,-136
2026-09-21,TITAN,TITAN 29 Sep 4850 CE,12:05,15:15,175,48.6,52.7,DAILY_SQUARE_OFF,629,0,,0,,629
2026-09-21,LAURUSLABS,LAURUSLABS 29 Sep 2000 CE,12:29,15:15,850,28.9,37.9,DAILY_SQUARE_OFF,7366,0,,0,,7366
2026-09-21,PNBHOUSING,PNBHOUSING 29 Sep 1140 CE,13:36,15:02,650,22.0,22.0,BREAKEVEN_STOP_HIT,-143,0,,0,,-143
2026-09-22,PAYTM,PAYTM 29 Sep 1820 CE,10:05,11:36,725,31.45,24.3,MAX_LOSS_HIT,-5386,312,hedge,0,,-5074
2026-09-22,UNOMINDA,UNOMINDA 29 Sep 1240 CE,09:42,15:15,550,14.4,9.55,DAILY_SQUARE_OFF,-2778,2048,hedge + 2nd lot,0,,-729
2026-09-22,TITAN,TITAN 29 Sep 4900 CE,09:44,15:15,175,47.0,67.0,DAILY_SQUARE_OFF,3400,0,,0,,3400
2026-09-22,BOSCHLTD,BOSCHLTD 29 Sep 48000 CE,12:03,15:00,25,609.2,605.0,BREAKEVEN_STOP_HIT,-257,-1637,hedge,0,,-1894
2026-09-23,RBLBANK,RBLBANK 29 Sep 430 CE,10:30,11:32,3175,5.5,4.08,MAX_LOSS_HIT,-5135,476,hedge,0,,-4659
2026-09-23,PAYTM,PAYTM 29 Sep 1780 CE,11:35,12:39,725,29.8,23.25,MAX_LOSS_HIT,-4941,-2837,hedge + 2nd lot,0,,-7778
2026-09-23,APOLLOHOSP,APOLLOHOSP 29 Sep 8900 CE,10:16,15:15,125,87.65,170.0,DAILY_SQUARE_OFF,10133,-1570,hedge,10591,re-added,19153
2026-09-23,ABCAPITAL,ABCAPITAL 29 Sep 400 CE,11:46,14:32,3100,5.4,5.25,BREAKEVEN_STOP_HIT,-1085,0,,0,,-1085
2026-09-24,PAYTM,PAYTM 29 Sep 1780 CE,11:19,13:14,725,17.5,17.2,BREAKEVEN_STOP_HIT,-362,0,,0,,-362
2026-09-24,BOSCHLTD,BOSCHLTD 29 Sep 48000 CE,11:20,12:22,25,497.5,497.5,BREAKEVEN_STOP_HIT,-124,0,,0,,-124
2026-09-25,OFSS,OFSS 27 Oct 10600 CE,11:39,11:43,100,390.4,380.0,BREAKEVEN_STOP_HIT,-1425,0,,0,,-1425
2026-09-25,BOSCHLTD,BOSCHLTD 27 Oct 48000 CE,10:06,15:15,25,1371.45,1471.05,DAILY_SQUARE_OFF,2135,0,,0,,2135
2026-09-25,OFSS,OFSS 27 Oct 10600 CE,13:52,15:15,100,401.0,460.6,DAILY_SQUARE_OFF,5529,0,,0,,5529
2026-09-28,RBLBANK,RBLBANK 27 Oct 410 CE,12:20,13:56,3175,15.97,14.55,MAX_LOSS_HIT,-5159,7144,"hedge + 2nd lot, one sold at target",0,,1984
2026-09-28,APOLLOHOSP,APOLLOHOSP 27 Oct 8900 CE,13:38,15:15,125,191.95,172.7,DAILY_SQUARE_OFF,-2634,1029,hedge + 2nd lot,0,,-1606
2026-09-29,PNBHOUSING,PNBHOUSING 27 Oct 1100 CE,10:38,14:26,650,39.0,39.0,BREAKEVEN_STOP_HIT,-254,0,,0,,-254
2026-09-29,GLENMARK,GLENMARK 27 Oct 2340 CE,12:11,15:15,375,67.1,91.75,DAILY_SQUARE_OFF,8946,0,,0,,8946
