date,engine,stock,side,contract,entry_time,exit_time,entry,exit,qty,exit_reason,legs,main_pnl,put_side_pnl,s1_pnl,total_pnl
2026-08-03,A pullback,EICHERMOT,CALL,EICHERMOT 25 Aug 8000 CE,10:16,12:06,186.75,186.75,100,BREAKEVEN_STOP_HIT,main+hedge+S1 call,-187,776,311,900
2026-08-03,A pullback,DIVISLAB,CALL,DIVISLAB 25 Aug 8400 CE,11:11,11:54,262.75,262.75,100,BREAKEVEN_STOP_HIT,main,-263,0,0,-263
2026-08-04,A pullback,SONACOMS,CALL,SONACOMS 25 Aug 780 CE,12:18,14:41,23.2,23.1,1225,BREAKEVEN_STOP_HIT,main,-406,0,0,-406
2026-08-05,A pullback,PNBHOUSING,CALL,PNBHOUSING 25 Aug 1140 CE,09:57,10:22,41.15,41.15,650,BREAKEVEN_STOP_HIT,main,-267,0,0,-267
2026-08-05,A pullback,TITAN,CALL,TITAN 25 Aug 4900 CE,10:11,15:15,114.3,119.0,175,DAILY_SQUARE_OFF,main,618,0,0,618
2026-08-05,A pullback,SONACOMS,CALL,SONACOMS 25 Aug 810 CE,12:23,12:34,27.3,27.05,1225,BREAKEVEN_STOP_HIT,main,-639,0,0,-639
2026-08-05,A pullback,LAURUSLABS,CALL,LAURUSLABS 25 Aug 1840 CE,13:04,15:15,50.05,46.0,850,DAILY_SQUARE_OFF,main+hedge,-3851,-78,0,-3929
2026-08-06,A pullback,CHOLAFIN,CALL,CHOLAFIN 25 Aug 1900 CE,10:25,15:15,60.85,77.1,625,DAILY_SQUARE_OFF,main,9725,0,0,9725
2026-08-06,A pullback,APOLLOHOSP,CALL,APOLLOHOSP 25 Aug 9000 CE,10:29,13:00,226.05,190.05,125,MAX_LOSS_HIT,main+hedge+2nd PUT,-4760,2712,0,-2048
2026-08-07,A pullback,LAURUSLABS,CALL,LAURUSLABS 25 Aug 1840 CE,10:38,11:48,48.3,42.9,850,MAX_LOSS_HIT,main+hedge+2nd PUT,-4978,1937,0,-3041
2026-08-07,A pullback,AUROPHARMA,CALL,AUROPHARMA 25 Aug 1640 CE,11:14,11:31,40.15,40.15,550,BREAKEVEN_STOP_HIT,main,-221,0,0,-221
2026-08-07,A pullback,AUROPHARMA,CALL,AUROPHARMA 25 Aug 1640 CE,12:23,12:55,44.95,44.95,550,BREAKEVEN_STOP_HIT,main,-247,0,0,-247
2026-08-07,A pullback,PNBHOUSING,CALL,PNBHOUSING 25 Aug 1140 CE,12:56,13:20,33.0,33.0,650,BREAKEVEN_STOP_HIT,main,-214,0,0,-214
2026-08-07,A pullback,AUROPHARMA,CALL,AUROPHARMA 25 Aug 1660 CE,13:37,13:52,40.65,40.65,550,BREAKEVEN_STOP_HIT,main,-224,0,0,-224
2026-08-07,A pullback,LAURUSLABS,CALL,LAURUSLABS 25 Aug 1860 CE,13:38,15:15,39.7,38.7,850,DAILY_SQUARE_OFF,main,-1183,0,0,-1183
2026-08-10,A pullback,RADICO,CALL,RADICO 25 Aug 4500 CE,10:33,13:07,146.0,146.0,150,BREAKEVEN_STOP_HIT,main,-219,0,0,-219
2026-08-10,A pullback,ABB,CALL,ABB 25 Aug 7600 CE,12:39,12:52,217.45,217.45,125,BREAKEVEN_STOP_HIT,main,-272,0,0,-272
2026-08-11,A pullback,DIVISLAB,CALL,DIVISLAB 25 Aug 8300 CE,09:36,15:15,182.4,339.0,100,DAILY_SQUARE_OFF,main,15399,0,0,15399
2026-08-11,A pullback,TITAN,CALL,TITAN 25 Aug 5150 CE,09:40,14:31,94.5,68.79,175,MAX_LOSS_HIT,main+hedge+S1 call,-4643,-1658,-3991,-10292
2026-08-12,A pullback,ABB,CALL,ABB 25 Aug 7700 CE,10:15,10:48,177.55,177.55,125,BREAKEVEN_STOP_HIT,main,-222,0,0,-222
2026-08-12,A pullback,AUROPHARMA,CALL,AUROPHARMA 25 Aug 1660 CE,11:11,15:15,37.95,34.7,550,DAILY_SQUARE_OFF,main+hedge+2nd PUT,-1987,-183,0,-2170
2026-08-12,A pullback,ABB,CALL,ABB 25 Aug 7700 CE,13:03,14:44,189.6,189.6,125,BREAKEVEN_STOP_HIT,main,-237,0,0,-237
2026-08-13,A pullback,AUBANK,CALL,AUBANK 25 Aug 1100 CE,10:09,10:14,15.95,15.8,1000,BREAKEVEN_STOP_HIT,main,-350,0,0,-350
2026-08-13,A pullback,JSWSTEEL,CALL,JSWSTEEL 25 Aug 1280 CE,11:40,15:15,19.4,19.75,675,DAILY_SQUARE_OFF,main,101,0,0,101
2026-08-13,A pullback,RADICO,CALL,RADICO 25 Aug 4650 CE,12:03,15:15,97.55,100.35,150,DAILY_SQUARE_OFF,main+hedge+2nd PUT,272,-2767,0,-2496
2026-08-14,A pullback,JSWSTEEL,CALL,JSWSTEEL 25 Aug 1260 CE,12:39,15:15,24.1,26.55,675,DAILY_SQUARE_OFF,main,1483,0,0,1483
2026-08-17,A pullback,TVSMOTOR,CALL,TVSMOTOR 25 Aug 4400 CE,10:16,15:15,63.05,52.15,175,DAILY_SQUARE_OFF,main+hedge,-2008,333,0,-1675
2026-08-17,B momentum,RADICO,PUT,RADICO 25 Aug 4650 PUT,10:20,11:16,85.65,80.0,150,SUPERTREND_REVERSAL_TICK,main,-972,0,0,-972
2026-08-17,A pullback,360ONE,CALL,360ONE 25 Aug 1180 CE,13:20,15:15,19.35,19.55,500,DAILY_SQUARE_OFF,main,0,0,0,0
2026-08-18,B momentum,CHOLAFIN,PUT,CHOLAFIN 25 Aug 1880 PUT,09:20,09:25,27.45,33.0,625,PROFIT_PROTECTION_HIT,main,3280,0,0,3280
2026-08-18,B momentum,360ONE,PUT,360ONE 25 Aug 1160 PUT,09:25,10:02,21.95,17.0,500,STOP_LOSS_HIT,main,-2580,0,0,-2580
2026-08-18,A pullback,BOSCHLTD,CALL,BOSCHLTD 25 Aug 47500 CE,09:57,15:15,661.75,1521.05,25,DAILY_SQUARE_OFF,main+hedge+S1 call,21210,-1659,20450,40000
2026-08-18,A pullback,HAL,CALL,HAL 25 Aug 5100 CE,10:27,15:15,91.45,69.5,150,DAILY_SQUARE_OFF,main+hedge+S1 call,-3413,-348,-3164,-6925
2026-08-19,B momentum,ABB,PUT,ABB 25 Aug 7500 PUT,09:20,09:27,117.0,149.89,125,PROFIT_PROTECTION_HIT,main,3945,0,0,3945
2026-08-19,B momentum,LAURUSLABS,PUT,LAURUSLABS 25 Aug 1820 PUT,09:20,09:26,28.7,31.25,850,PROFIT_PROTECTION_HIT,main,1913,0,0,1913
2026-08-19,A pullback,AUBANK,CALL,AUBANK 25 Aug 1080 CE,11:32,15:05,10.75,10.75,1000,BREAKEVEN_STOP_HIT,main,-200,0,0,-200
2026-08-19,A pullback,HAL,CALL,HAL 25 Aug 5050 CE,11:46,15:15,60.65,46.3,150,DAILY_SQUARE_OFF,main+hedge+2nd PUT,-2233,61,0,-2172
2026-08-19,B momentum,TVSMOTOR,PUT,TVSMOTOR 25 Aug 4350 PUT,11:55,13:42,44.3,40.7,175,SUPERTREND_REVERSAL_TICK,main,-704,0,0,-704
2026-08-20,A pullback,PAYTM,CALL,PAYTM 25 Aug 1600 CE,09:39,09:52,23.25,22.9,725,BREAKEVEN_STOP_HIT,main,-421,0,0,-421
2026-08-20,A pullback,PAYTM,CALL,PAYTM 25 Aug 1620 CE,10:23,10:33,19.3,18.15,725,BREAKEVEN_STOP_HIT,main,-979,0,0,-979
2026-08-20,A pullback,SONACOMS,CALL,SONACOMS 25 Aug 840 CE,10:32,11:27,10.95,10.15,1225,BREAKEVEN_STOP_HIT,main,-1225,0,0,-1225
2026-08-20,A pullback,ABB,CALL,ABB 25 Aug 7500 CE,11:17,15:15,70.15,69.55,125,DAILY_SQUARE_OFF,main+hedge+S1 call,-162,-1556,-684,-2402
2026-08-20,A pullback,DIVISLAB,CALL,DIVISLAB 25 Aug 8600 CE,12:04,15:15,72.8,68.75,100,DAILY_SQUARE_OFF,main,-476,0,0,-476
2026-08-21,B momentum,ABB,PUT,ABB 29 Sep 7400 PUT,12:30,15:16,225.2,220.0,125,SQUARE_OFF_15:15,main,-928,0,0,-928
2026-08-24,B momentum,OBEROIRLTY,PUT,OBEROIRLTY 29 Sep 1880 PUT,10:00,13:00,53.35,56.7,350,SUPERTREND_REVERSAL_TICK,main,980,0,0,980
2026-08-24,A pullback,RADICO,CALL,RADICO 29 Sep 4600 CE,13:17,14:58,173.75,141.0,150,MAX_LOSS_HIT,main+hedge+2nd PUT,-5149,-377,0,-5526
2026-08-25,A pullback,LAURUSLABS,CALL,LAURUSLABS 29 Sep 1820 CE,11:00,15:15,50.95,78.9,850,DAILY_SQUARE_OFF,main,23206,0,0,23206
2026-08-25,A pullback,PAYTM,CALL,PAYTM 29 Sep 1640 CE,11:55,15:15,70.5,107.65,725,DAILY_SQUARE_OFF,main,26288,0,0,26288
2026-08-26,A pullback,LAURUSLABS,CALL,LAURUSLABS 29 Sep 1880 CE,10:14,10:35,54.95,54.75,850,BREAKEVEN_STOP_HIT,main,-636,0,0,-636
2026-08-26,A pullback,BAJAJ-AUTO,CALL,BAJAJ-AUTO 29 Sep 11900 CE,10:14,11:51,311.95,251.05,75,MAX_LOSS_HIT,main+hedge+2nd PUT,-4779,4613,0,-166
2026-08-26,A pullback,OBEROIRLTY,CALL,OBEROIRLTY 29 Sep 1900 CE,10:37,10:50,63.85,63.4,350,BREAKEVEN_STOP_HIT,main,-380,0,0,-380
2026-08-26,A pullback,PAYTM,CALL,PAYTM 29 Sep 1720 CE,12:19,13:02,68.0,67.75,725,BREAKEVEN_STOP_HIT,main,-673,0,0,-673
2026-08-26,A pullback,DIVISLAB,CALL,DIVISLAB 29 Sep 9000 CE,13:16,15:15,235.3,242.6,100,DAILY_SQUARE_OFF,main,491,0,0,491
2026-08-26,A pullback,JSWSTEEL,CALL,JSWSTEEL 29 Sep 1320 CE,13:29,15:15,38.5,47.7,675,DAILY_SQUARE_OFF,main,5919,0,0,5919
2026-08-27,A pullback,SONACOMS,CALL,SONACOMS 29 Sep 810 CE,10:22,15:15,27.45,30.15,1225,DAILY_SQUARE_OFF,main+hedge+S1 call,2955,-1745,4740,5950
2026-08-27,A pullback,DIVISLAB,CALL,DIVISLAB 29 Sep 9100 CE,11:15,15:15,239.25,217.05,100,DAILY_SQUARE_OFF,main+hedge,-2448,-1776,0,-4224
2026-08-28,B momentum,PREMIERENE,PUT,PREMIERENE 29 Sep 980 PUT,09:20,09:28,36.3,40.15,650,PROFIT_PROTECTION_HIT,main,2254,0,0,2254
2026-08-28,A pullback,OFSS,CALL,OFSS 29 Sep 12200 CE,10:00,10:03,521.95,521.95,100,BREAKEVEN_STOP_HIT,main,-522,0,0,-522
2026-08-28,A pullback,MCX,CALL,MCX 29 Sep 3300 CE,12:56,15:15,144.65,148.8,225,DAILY_SQUARE_OFF,main+hedge,604,512,0,1115
2026-08-31,A pullback,DIVISLAB,CALL,DIVISLAB 29 Sep 9200 CE,09:50,15:15,250.5,212.0,100,DAILY_SQUARE_OFF,main+hedge+2nd PUT,-4081,311,0,-3770
2026-08-31,A pullback,OFSS,CALL,OFSS 29 Sep 12300 CE,11:26,11:40,435.5,435.5,100,BREAKEVEN_STOP_HIT,main+hedge,-436,114,0,-322
2026-08-31,A pullback,GLENMARK,CALL,GLENMARK 29 Sep 2480 CE,13:21,13:45,80.35,80.0,375,BREAKEVEN_STOP_HIT,main,-432,0,0,-432
2026-09-01,B momentum,BOSCHLTD,PUT,BOSCHLTD 29 Sep 48000 PUT,13:15,14:12,1000.95,1125.45,25,PROFIT_PROTECTION_HIT,main,2847,0,0,2847
2026-09-02,B momentum,BOSCHLTD,PUT,BOSCHLTD 29 Sep 47500 PUT,09:20,09:24,1092.6,1170.45,25,PROFIT_PROTECTION_HIT,main,1663,0,0,1663
2026-09-02,B momentum,CHOLAFIN,PUT,CHOLAFIN 29 Sep 1780 PUT,09:20,12:09,42.55,38.95,625,SUPERTREND_REVERSAL_TICK,main,-2505,0,0,-2505
2026-09-02,B momentum,OFSS,PUT,OFSS 29 Sep 12000 PUT,09:25,10:05,410.05,365.0,100,MAX_LOSS_HIT,main,-4893,0,0,-4893
2026-09-02,A pullback,TORNTPHARM,CALL,TORNTPHARM 29 Sep 4950 CE,10:17,15:15,134.3,144.4,125,DAILY_SQUARE_OFF,main+hedge+S1 call,1088,-1649,1428,867
2026-09-02,A pullback,LAURUSLABS,CALL,LAURUSLABS 29 Sep 1840 CE,12:25,15:15,46.9,58.25,850,DAILY_SQUARE_OFF,main,9201,0,0,9201
2026-09-03,B momentum,BOSCHLTD,PUT,BOSCHLTD 29 Sep 47000 PUT,11:50,15:16,1033.0,1008.6,25,SQUARE_OFF_15:15,main,-865,0,0,-865
2026-09-03,A pullback,PAYTM,CALL,PAYTM 29 Sep 1640 CE,12:54,15:15,54.05,53.3,725,DAILY_SQUARE_OFF,main+hedge,-933,-1907,0,-2840
2026-09-04,A pullback,APLAPOLLO,CALL,APLAPOLLO 29 Sep 2180 CE,10:39,10:57,58.6,56.3,350,BREAKEVEN_STOP_HIT,main,-1006,0,0,-1006
2026-09-04,A pullback,PAYTM,CALL,PAYTM 29 Sep 1700 CE,11:09,11:46,53.2,53.2,725,BREAKEVEN_STOP_HIT,main,-386,0,0,-386
2026-09-04,A pullback,BOSCHLTD,CALL,BOSCHLTD 29 Sep 47000 CE,11:18,15:15,1172.5,1142.25,25,DAILY_SQUARE_OFF,main+hedge+2nd PUT,-1046,797,0,-249
2026-09-04,A pullback,APLAPOLLO,CALL,APLAPOLLO 29 Sep 2200 CE,12:52,15:15,56.5,90.4,350,DAILY_SQUARE_OFF,main,11608,0,0,11608
2026-09-07,A pullback,GLENMARK,CALL,GLENMARK 29 Sep 2460 CE,10:38,11:50,65.1,65.0,375,BREAKEVEN_STOP_HIT,main,-281,0,0,-281
2026-09-07,A pullback,BOSCHLTD,CALL,BOSCHLTD 29 Sep 47500 CE,10:38,15:15,955.25,1640.9,25,DAILY_SQUARE_OFF,main,16817,0,0,16817
2026-09-07,B momentum,APOLLOHOSP,PUT,APOLLOHOSP 29 Sep 8700 PUT,11:15,11:57,120.95,116.9,125,SUPERTREND_REVERSAL_TICK,main,-655,0,0,-655
2026-09-07,A pullback,APOLLOHOSP,CALL,APOLLOHOSP 29 Sep 8700 CE,13:15,15:15,196.55,228.45,125,DAILY_SQUARE_OFF,main,3722,0,0,3722
2026-09-08,B momentum,GLENMARK,PUT,GLENMARK 29 Sep 2440 PUT,09:30,10:20,54.25,44.3,375,SUPERTREND_REVERSAL_TICK,main,-3916,0,0,-3916
2026-09-08,A pullback,LAURUSLABS,CALL,LAURUSLABS 29 Sep 1900 CE,10:38,15:15,43.4,71.65,850,DAILY_SQUARE_OFF,main,23524,0,0,23524
2026-09-08,A pullback,JSWSTEEL,CALL,JSWSTEEL 29 Sep 1320 CE,10:45,15:15,24.1,18.9,675,DAILY_SQUARE_OFF,main+hedge+2nd PUT,-3659,3069,0,-590
2026-09-08,B momentum,PHOENIXLTD,PUT,PHOENIXLTD 29 Sep 1900 PUT,13:20,15:16,40.5,43.8,350,SQUARE_OFF_15:15,main,1007,0,0,1007
2026-09-09,B momentum,OFSS,PUT,OFSS 29 Sep 11600 PUT,10:25,10:49,351.0,320.0,100,SUPERTREND_REVERSAL_TICK,main,-3435,0,0,-3435
2026-09-09,A pullback,GLENMARK,CALL,GLENMARK 29 Sep 2440 CE,13:25,15:09,61.25,59.2,375,BREAKEVEN_STOP_HIT,main,-995,0,0,-995
2026-09-10,B momentum,APLAPOLLO,PUT,APLAPOLLO 29 Sep 2180 PUT,09:20,11:59,50.0,45.1,350,SUPERTREND_REVERSAL_TICK,main,-1881,0,0,-1881
2026-09-10,B momentum,JSWSTEEL,PUT,JSWSTEEL 29 Sep 1300 PUT,09:20,14:45,18.35,22.2,675,PROFIT_PROTECTION_HIT,main,2456,0,0,2456
2026-09-10,A pullback,KALYANKJIL,CALL,KALYANKJIL 29 Sep 615 CE,10:16,14:26,21.37,21.37,1350,BREAKEVEN_STOP_HIT,main+S1 call,-289,0,621,332
2026-09-10,A pullback,LAURUSLABS,CALL,LAURUSLABS 29 Sep 1940 CE,10:41,15:12,48.35,43.06,850,MAX_LOSS_HIT,main,-4888,0,0,-4888
2026-09-11,B momentum,APLAPOLLO,PUT,APLAPOLLO 29 Sep 2140 PUT,09:20,10:24,47.5,36.65,350,STOP_LOSS_HIT,main,-3945,0,0,-3945
2026-09-11,B momentum,DIVISLAB,PUT,DIVISLAB 29 Sep 9300 PUT,09:20,11:03,126.0,111.0,100,SUPERTREND_REVERSAL_TICK,main,-1618,0,0,-1618
2026-09-11,A pullback,BOSCHLTD,CALL,BOSCHLTD 29 Sep 49000 CE,10:49,13:42,868.2,867.9,25,BREAKEVEN_STOP_HIT,main,-225,0,0,-225
2026-09-11,A pullback,PAYTM,CALL,PAYTM 29 Sep 1800 CE,11:17,12:26,58.85,58.85,725,BREAKEVEN_STOP_HIT,main,-427,0,0,-427
2026-09-11,A pullback,PHOENIXLTD,CALL,PHOENIXLTD 29 Sep 1900 CE,13:12,15:15,32.15,36.0,350,DAILY_SQUARE_OFF,main,1228,0,0,1228
2026-09-11,B momentum,OFSS,PUT,OFSS 29 Sep 11700 PUT,14:10,15:16,337.0,339.1,100,SQUARE_OFF_15:15,main,-128,0,0,-128
2026-09-15,B momentum,GRASIM,PUT,GRASIM 29 Sep 3240 PUT,09:20,09:55,52.7,61.35,250,PROFIT_PROTECTION_HIT,main,2020,0,0,2020
2026-09-15,B momentum,MCX,PUT,MCX 29 Sep 3150 PUT,09:20,09:34,70.6,80.65,225,PROFIT_PROTECTION_HIT,main,2091,0,0,2091
2026-09-15,B momentum,BOSCHLTD,PUT,BOSCHLTD 29 Sep 48000 PUT,09:40,10:13,878.7,981.55,25,PROFIT_PROTECTION_HIT,main,2339,0,0,2339
2026-09-15,A pullback,KALYANKJIL,CALL,KALYANKJIL 29 Sep 615 CE,10:27,11:55,19.33,15.8,1350,MAX_LOSS_HIT,main+hedge,-5029,1412,0,-3617
2026-09-15,B momentum,GLENMARK,PUT,GLENMARK 29 Sep 2380 PUT,14:15,15:00,47.45,56.0,375,PROFIT_PROTECTION_HIT,main,3012,0,0,3012
2026-09-16,B momentum,GLENMARK,PUT,GLENMARK 29 Sep 2340 PUT,09:30,09:42,39.4,48.45,375,PROFIT_PROTECTION_HIT,main,3229,0,0,3229
2026-09-16,A pullback,GLENMARK,CALL,GLENMARK 29 Sep 2380 CE,11:40,15:15,53.0,68.75,375,DAILY_SQUARE_OFF,main,5678,0,0,5678
2026-09-16,A pullback,MCX,CALL,MCX 29 Sep 3150 CE,11:43,15:15,82.95,120.0,225,DAILY_SQUARE_OFF,main+hedge+S1 call,8108,1038,4942,14088
2026-09-17,A pullback,MCX,CALL,MCX 29 Sep 3200 CE,09:22,15:15,101.1,115.6,225,DAILY_SQUARE_OFF,main,3019,0,0,3019
2026-09-17,A pullback,LAURUSLABS,CALL,LAURUSLABS 29 Sep 1940 CE,09:53,15:15,35.6,46.05,850,DAILY_SQUARE_OFF,main+hedge+S1 call,8535,-1769,9603,16370
2026-09-18,A pullback,APOLLOHOSP,CALL,APOLLOHOSP 29 Sep 8900 CE,09:45,15:15,85.75,66.7,125,DAILY_SQUARE_OFF,main+hedge,-2477,968,0,-1508
2026-09-18,A pullback,LAURUSLABS,CALL,LAURUSLABS 29 Sep 1980 CE,10:16,10:35,33.5,33.5,850,BREAKEVEN_STOP_HIT,main,-285,0,0,-285
2026-09-18,A pullback,GLENMARK,CALL,GLENMARK 29 Sep 2420 CE,12:51,15:01,38.3,37.85,375,BREAKEVEN_STOP_HIT,main,-312,0,0,-312
2026-09-21,B momentum,OFSS,PUT,OFSS 29 Sep 11500 PUT,09:25,09:27,258.05,284.5,100,PROFIT_PROTECTION_HIT,main,2374,0,0,2374
2026-09-21,B momentum,GLENMARK,PUT,GLENMARK 29 Sep 2440 PUT,10:10,11:17,34.65,27.05,375,STOP_LOSS_HIT,main,-2966,0,0,-2966
2026-09-21,A pullback,TITAN,CALL,TITAN 29 Sep 4850 CE,12:05,15:15,48.6,52.7,175,DAILY_SQUARE_OFF,main,629,0,0,629
2026-09-21,A pullback,LAURUSLABS,CALL,LAURUSLABS 29 Sep 2000 CE,12:29,15:15,28.9,37.9,850,DAILY_SQUARE_OFF,main,7366,0,0,7366
2026-09-22,A pullback,BOSCHLTD,CALL,BOSCHLTD 29 Sep 48000 CE,12:03,15:00,609.2,605.0,25,BREAKEVEN_STOP_HIT,main+hedge,-257,-1637,0,-1894
2026-09-23,A pullback,PAYTM,CALL,PAYTM 29 Sep 1780 CE,11:35,12:39,29.8,23.25,725,MAX_LOSS_HIT,main+hedge+2nd PUT,-4941,-2837,0,-7778
2026-09-23,B momentum,OFSS,PUT,OFSS 29 Sep 10900 PUT,11:40,13:35,195.9,222.9,100,PROFIT_PROTECTION_HIT,main,2491,0,0,2491
2026-09-24,B momentum,PNBHOUSING,PUT,PNBHOUSING 29 Sep 1120 PUT,09:20,09:28,14.8,21.5,650,TARGET_HIT,main,4220,0,0,4220
2026-09-24,A pullback,PAYTM,CALL,PAYTM 29 Sep 1780 CE,11:19,13:14,17.5,17.2,725,BREAKEVEN_STOP_HIT,main,-362,0,0,-362
2026-09-24,B momentum,ADANIENT,PUT,ADANIENT 29 Sep 2950 PUT,13:30,13:47,37.1,50.09,309,TARGET_HIT,main,3878,0,0,3878
2026-09-25,A pullback,OFSS,CALL,OFSS 27 Oct 10600 CE,11:39,11:43,390.4,380.0,100,BREAKEVEN_STOP_HIT,main,-1425,0,0,-1425
2026-09-25,A pullback,OFSS,CALL,OFSS 27 Oct 10600 CE,13:52,15:15,401.0,460.6,100,DAILY_SQUARE_OFF,main,5529,0,0,5529
2026-09-28,B momentum,MOTILALOFS,PUT,MOTILALOFS 27 Oct 1020 PUT,14:30,14:51,42.0,41.45,775,SUPERTREND_REVERSAL_TICK,main,-750,0,0,-750
2026-09-29,B momentum,BOSCHLTD,PUT,BOSCHLTD 27 Oct 47000 PUT,09:20,11:20,1160.0,1069.95,25,SUPERTREND_REVERSAL_TICK,main,-2530,0,0,-2530
2026-09-29,B momentum,MOTILALOFS,PUT,MOTILALOFS 27 Oct 1000 PUT,09:20,10:22,33.5,36.65,775,PROFIT_PROTECTION_HIT,main,2171,0,0,2171
2026-09-29,A pullback,PNBHOUSING,CALL,PNBHOUSING 27 Oct 1100 CE,10:38,14:26,39.0,39.0,650,BREAKEVEN_STOP_HIT,main,-254,0,0,-254
2026-09-29,A pullback,GLENMARK,CALL,GLENMARK 27 Oct 2340 CE,12:11,15:15,67.1,91.75,375,DAILY_SQUARE_OFF,main,8946,0,0,8946
